Workbook

Sheet Nestle S.A.
A1: Date | B1: Open | C1: High | D1: Low | E1: Close | F1: Adj Close | G1: Volume
A2: 46057 | B2: 76.49 | C2: 78.17 | D2: 76.05 | E2: 78.09 | F2: 78.09 | G2: 4504328
A3: 46055 | B3: 73.9 | C3: 78.17 | D3: 73.86 | E3: 78.09 | F3: 78.09 | G3: 11825054
A4: 46048 | B4: 72.4 | C4: 74.06 | D4: 70.29 | E4: 73.43 | F4: 73.43 | G4: 20378703
A5: 46041 | B5: 75.2 | C5: 75.3 | D5: 71.96 | E5: 72.47 | F5: 72.47 | G5: 20317271
A6: 46034 | B6: 75.49 | C6: 76.93 | D6: 74.47 | E6: 75.24 | F6: 75.24 | G6: 19745973
A7: 46027 | B7: 78.22 | C7: 78.3 | D7: 73.67 | E7: 75.41 | F7: 75.41 | G7: 24619696
A8: 46020 | B8: 78 | C8: 78.84 | D8: 77.85 | E8: 78.74 | F8: 78.74 | G8: 5161541
A9: 46013 | B9: 78.57 | C9: 78.69 | D9: 77.74 | E9: 77.83 | F9: 77.83 | G9: 4270782
A10: 46006 | B10: 78.27 | C10: 80.3 | D10: 77.98 | E10: 78.79 | F10: 78.79 | G10: 24022337
A11: 45999 | B11: 78.48 | C11: 79.22 | D11: 77.26 | E11: 77.95 | F11: 77.95 | G11: 16551050
A12: 45992 | B12: 79.83 | C12: 80.58 | D12: 78 | E12: 78.82 | F12: 78.82 | G12: 14506501
A13: 45985 | B13: 80.84 | C13: 81.37 | D13: 78.81 | E13: 79.83 | F13: 79.83 | G13: 21313808
... A43: 45775 | B43: 85.7 | C43: 88.29 | D43: 85.64 | E43: 87.6 | F43: 87.6 | G43: 15858520
A44: 45769 | B44: 3.05 Dividend | F44: 82.338688
A45: 45768 | B45: 86.89 | C45: 87.79 | D45: 85.58 | E45: 85.74 | F45: 82.523001 | G45: 18209124
A46: 45761 | B46: 85.98 | C46: 87.98 | D46: 85.18 | E46: 87.98 | F46: 82.707314 | G46: 19177851
A47: 45754 | B47: 83.62 | C47: 86.43 | D47: 81.6 | E47: 84.98 | F47: 82.891627 | G47: 43351546
A48: 45747 | B48: 89.74 | C48: 91.38 | D48: 87.3 | E48: 87.36 | F48: 83.075941 | G48: 25882607
A49: 45740 | B49: 91.7 | C49: 91.72 | D49: 88.44 | E49: 90.24 | F49: 83.260254 | G49: 18237045
A50: 45733 | B50: 89.36 | C50: 91.68 | D50: 88.88 | E50: 91.68 | F50: 83.444567 | G50: 28834096
A51: 45726 | B51: 89.78 | C51: 91.02 | D51: 87.66 | E51: 89.18 | F51: 83.62888 | G51: 20588185
A52: 45719 | B52: 87.12 | C52: 90.1 | D52: 86.42 | E52: 89.72 | F52: 83.813194 | G52: 25814512
A53: 45712 | B53: 85.96 | C53: 89.38 | D53: 85.58 | E53: 87.12 | F53: 83.997507 | G53: 30585478
A54: 45705 | B54: 82.64 | C54: 85.1 | D54: 81.62 | E54: 85.1 | F54: 84.18182 | G54: 24679585
A55: 45698 | B55: 77.72 | C55: 84.02 | D55: 77.36 | E55: 82.48 | F55: 84.366133 | G55: 26921613
A56: 45691 | B56: 77.16 | C56: 78.26 | D56: 76.68 | E56: 77.5 | F56: 74.81 | G56: 10694129

Sheet Mitsubishi
A1: Date | B1: Open | C1: High | D1: Low | E1: Close | F1: Adj Close | G1: Volume
A2: 46057 | B2: 18.65 | C2: 18.89 | D2: 18.42 | E2: 18.55 | F2: 18.55 | G2: 3795565
A3: 46055 | B3: 17.81 | C3: 18.89 | D3: 17.81 | E3: 18.55 | F3: 18.55 | G3: 10440600
A4: 46048 | B4: 17.8 | C4: 18.33 | D4: 17.75 | E4: 18.05 | F4: 18.05 | G4: 15341200
A5: 46041 | B5: 18.29 | C5: 18.45 | D5: 17.77 | E5: 17.88 | F5: 17.88 | G5: 15311300
A6: 46034 | B6: 17.2 | C6: 18.9 | D6: 17.16 | E6: 18.9 | F6: 18.9 | G6: 17989600
A7: 46027 | B7: 16.18 | C7: 17.14 | D7: 16.12 | E7: 17.09 | F7: 17.09 | G7: 16707200
A8: 46020 | B8: 15.85 | C8: 16.01 | D8: 15.75 | E8: 15.97 | F8: 15.97 | G8: 7038600
A9: 46013 | B9: 15.84 | C9: 16.18 | D9: 15.77 | E9: 15.89 | F9: 15.89 | G9: 7169100
A10: 46006 | B10: 16.48 | C10: 16.56 | D10: 15.52 | E10: 15.74 | F10: 15.74 | G10: 19736000
A11: 45999 | B11: 16.14 | C11: 16.14 | D11: 15.37 | E11: 16.01 | F11: 16.01 | G11: 25610000
A12: 45992 | B12: 15.93 | C12: 16.39 | D12: 15.63 | E12: 16.28 | F12: 16.28 | G12: 31302000
A13: 45985 | B13: 15.19 | C13: 15.87 | D13: 15.16 | E13: 15.78 | F13: 15.78 | G13: 9804700
... A46: 45754 | B46: 10.59 | C46: 11.96 | D46: 10.46 | E46: 11.59 | F46: 11.59 | G46: 75178300
A47: 45747 | B47: 0.269 Dividend
A48: 45747 | B48: 13.5 | C48: 13.66 | D48: 10.88 | E48: 11.06 | F48: 10.85 | G48: 63691800
A49: 45740 | B49: 14.73 | C49: 14.76 | D49: 13.96 | E49: 13.98 | F49: 13.71 | G49: 49112700
A50: 45733 | B50: 13.74 | C50: 15.03 | D50: 13.73 | E50: 14.98 | F50: 14.69 | G50: 136813900
A51: 45726 | B51: 12.93 | C51: 13.71 | D51: 12.57 | E51: 13.66 | F51: 13.4 | G51: 37118700
A52: 45719 | B52: 12.96 | C52: 13.11 | D52: 12.47 | E52: 13.02 | F52: 12.77 | G52: 25723300
A53: 45712 | B53: 12.68 | C53: 13.08 | D53: 12.4 | E53: 12.73 | F53: 12.49 | G53: 23084900
A54: 45705 | B54: 13.23 | C54: 13.34 | D54: 12.64 | E54: 12.64 | F54: 12.4 | G54: 11818300
A55: 45698 | B55: 12.49 | C55: 12.86 | D55: 12.31 | E55: 12.81 | F55: 12.56 | G55: 13048500
A56: 45691 | B56: 12.6 | C56: 12.7 | D56: 12.5 | E56: 12.54 | F56: 12.3 | G56: 9385600

Sheet combine
A1: Date | B1: Nestlé S.A. | C1: Mitsubishi UFJ Financial Group | D1: Nestlé S.A. weekly return | E1: Mitsub. weekly return
A2: 46057 | B2: =VLOOKUP(A2,'Nestle S.A.'!A1:G56,6,0) -> 78.09 | C2: =vlookup(A2,Mitsubishi!A2:G56,6,0) -> 18.55 | D2: =B2/B3-1 -> 0 | E2: =C2/C3-1 -> 0
A3: 46055 | B3: =VLOOKUP(A3,'Nestle S.A.'!A2:G57,6,0) -> 78.09 | C3: =vlookup(A3,Mitsubishi!A3:G57,6,0) -> 18.55 | D3: =B3/B4-1 -> 0.0634618 | E3: =C3/C4-1 -> 0.027700831
A4: 46048 | B4: =VLOOKUP(A4,'Nestle S.A.'!A3:G58,6,0) -> 73.43 | C4: =vlookup(A4,Mitsubishi!A4:G58,6,0) -> 18.05 | D4: =B4/B5-1 -> 0.013246861 | E4: =C4/C5-1 -> 0.00950783
A5: 46041 | B5: =VLOOKUP(A5,'Nestle S.A.'!A4:G59,6,0) -> 72.47 | C5: =vlookup(A5,Mitsubishi!A5:G59,6,0) -> 17.88 | D5: =B5/B6-1 -> -0.036815524 | E5: =C5/C6-1 -> -0.053968254
A6: 46034 | B6: =VLOOKUP(A6,'Nestle S.A.'!A5:G60,6,0) -> 75.24 | C6: =vlookup(A6,Mitsubishi!A6:G60,6,0) -> 18.9 | D6: =B6/B7-1 -> -0.0022543429 | E6: =C6/C7-1 -> 0.10590989
A7: 46027 | B7: =VLOOKUP(A7,'Nestle S.A.'!A6:G61,6,0) -> 75.41 | C7: =vlookup(A7,Mitsubishi!A7:G61,6,0) -> 17.09 | D7: =B7/B8-1 -> -0.042291085 | E7: =C7/C8-1 -> 0.070131497
A8: 46020 | B8: =VLOOKUP(A8,'Nestle S.A.'!A7:G62,6,0) -> 78.74 | C8: =vlookup(A8,Mitsubishi!A8:G62,6,0) -> 15.97 | D8: =B8/B9-1 -> 0.01169215 | E8: =C8/C9-1 -> 0.005034613
A9: 46013 | B9: =VLOOKUP(A9,'Nestle S.A.'!A8:G63,6,0) -> 77.83 | C9: =vlookup(A9,Mitsubishi!A9:G63,6,0) -> 15.89 | D9: =B9/B10-1 -> -0.012184287 | E9: =C9/C10-1 -> 0.0095298602
A10: 46006 | B10: =VLOOKUP(A10,'Nestle S.A.'!A9:G64,6,0) -> 78.79 | C10: =vlookup(A10,Mitsubishi!A10:G64,6,0) -> 15.74 | D10: =B10/B11-1 -> 0.010776139 | E10: =C10/C11-1 -> -0.01686446
A11: 45999 | B11: =VLOOKUP(A11,'Nestle S.A.'!A10:G65,6,0) -> 77.95 | C11: =vlookup(A11,Mitsubishi!A11:G65,6,0) -> 16.01 | D11: =B11/B12-1 -> -0.011037808 | E11: =C11/C12-1 -> -0.016584767
A12: 45992 | B12: =VLOOKUP(A12,'Nestle S.A.'!A11:G66,6,0) -> 78.82 | C12: =vlookup(A12,Mitsubishi!A12:G66,6,0) -> 16.28 | D12: =B12/B13-1 -> -0.012651885 | E12: =C12/C13-1 -> 0.031685678
A13: 45985 | B13: =VLOOKUP(A13,'Nestle S.A.'!A12:G67,6,0) -> 79.83 | C13: =vlookup(A13,Mitsubishi!A13:G67,6,0) -> 15.78 | D13: =B13/B14-1 -> -0.011637984 | E13: =C13/C14-1 -> 0.038157895
... A46: 45754 | B46: =VLOOKUP(A46,'Nestle S.A.'!A45:G100,6,0) -> 82.891627 | C46: =vlookup(A46,Mitsubishi!A46:G100,6,0) -> 11.59 | D46: =B46/B47-1 -> -0.0022186118 | E46: =C46/C47-1 -> 0.068202765
A47: 45747 | B47: =VLOOKUP(A47,'Nestle S.A.'!A46:G101,6,0) -> 83.075941 | C47: 10.85 | D47: =B47/B48-1 -> -0.0022137005 | E47: =C47/C48-1 -> -0.20860686
A48: 45740 | B48: =VLOOKUP(A48,'Nestle S.A.'!A47:G102,6,0) -> 83.260254 | C48: =vlookup(A48,Mitsubishi!A48:G102,6,0) -> 13.71 | D48: =B48/B49-1 -> -0.0022088108 | E48: =C48/C49-1 -> -0.066712049
A49: 45733 | B49: =VLOOKUP(A49,'Nestle S.A.'!A48:G103,6,0) -> 83.444567 | C49: =vlookup(A49,Mitsubishi!A49:G103,6,0) -> 14.69 | D49: =B49/B50-1 -> -0.0022039428 | E49: =C49/C50-1 -> 0.096268657
A50: 45726 | B50: =VLOOKUP(A50,'Nestle S.A.'!A49:G104,6,0) -> 83.62888 | C50: =vlookup(A50,Mitsubishi!A50:G104,6,0) -> 13.4 | D50: =B50/B51-1 -> -0.0021990961 | E50: =C50/C51-1 -> 0.049334377
A51: 45719 | B51: =VLOOKUP(A51,'Nestle S.A.'!A50:G105,6,0) -> 83.813194 | C51: =vlookup(A51,Mitsubishi!A51:G105,6,0) -> 12.77 | D51: =B51/B52-1 -> -0.0021942707 | E51: =C51/C52-1 -> 0.022417934
A52: 45712 | B52: =VLOOKUP(A52,'Nestle S.A.'!A51:G106,6,0) -> 83.997507 | C52: =vlookup(A52,Mitsubishi!A52:G106,6,0) -> 12.49 | D52: =B52/B53-1 -> -0.0021894664 | E52: =C52/C53-1 -> 0.0072580645
A53: 45705 | B53: =VLOOKUP(A53,'Nestle S.A.'!A52:G107,6,0) -> 84.18182 | C53: =vlookup(A53,Mitsubishi!A53:G107,6,0) -> 12.4 | D53: =B53/B54-1 -> -0.0021846831 | E53: =C53/C54-1 -> -0.012738853
A54: 45698 | B54: =VLOOKUP(A54,'Nestle S.A.'!A53:G108,6,0) -> 84.366133 | C54: =vlookup(A54,Mitsubishi!A54:G108,6,0) -> 12.56 | D54: =B54/B55-1 -> 0.12773872 | E54: =C54/C55-1 -> 0.021138211
A55: 45691 | B55: =VLOOKUP(A55,'Nestle S.A.'!A54:G109,6,0) -> 74.81 | C55: =vlookup(A55,Mitsubishi!A55:G109,6,0) -> 12.3

Sheet dataset_descriptions
A1: Date | B1: Nestlé S.A. weekly return | C1: Mitsub. weekly return | F1: Nestle S.A | G1: Mitsub.
A2: 46057 | B2: =vlookup(A2,combine!A1:E55,4,0) -> 0 | C2: =vlookup(A2,combine!A1:E55,5,0) -> 0 | E2: Mean | F2: =AVERAGE(B:B) -> 0.0013837255 | G2: =AVERAGE(C:C) -> 0.0090943991
A3: 46055 | B3: =vlookup(A3,combine!A2:E56,4,0) -> 0.0634618 | C3: =vlookup(A3,combine!A2:E56,5,0) -> 0.027700831 | E3: Mean ab. deviation | F3: =AVEDEV(B:B)*53/52 -> 0.022730341 | G3: =AVEDEV(C:C)*53/52 -> 0.035441352
A4: 46048 | B4: =vlookup(A4,combine!A3:E57,4,0) -> 0.013246861 | C4: =vlookup(A4,combine!A3:E57,5,0) -> 0.00950783 | E4: Sample variance | F4: =_xlfn.VAR.S(B:B) -> 0.0012130104 | G4: =_xlfn.VAR.S(C:C) -> 0.0025686299
A5: 46041 | B5: =vlookup(A5,combine!A4:E58,4,0) -> -0.036815524 | C5: =vlookup(A5,combine!A4:E58,5,0) -> -0.053968254 | E5: Sample s.d | F5: =_xlfn.STDEV.S(B:B) -> 0.034828299 | G5: =_xlfn.STDEV.S(C:C) -> 0.050681652
A6: 46034 | B6: =vlookup(A6,combine!A5:E59,4,0) -> -0.0022543429 | C6: =vlookup(A6,combine!A5:E59,5,0) -> 0.10590989 | E6: CV | F6: =F5/F2 -> 25.169949 | G6: =G5/G2 -> 5.5728423
A7: 46027 | B7: =vlookup(A7,combine!A6:E60,4,0) -> -0.042291085 | C7: =vlookup(A7,combine!A6:E60,5,0) -> 0.070131497 | E7: Max | F7: =max(B:B) -> 0.12773872 | G7: =max(C:C) -> 0.10590989
A8: 46020 | B8: =vlookup(A8,combine!A7:E61,4,0) -> 0.01169215 | C8: =vlookup(A8,combine!A7:E61,5,0) -> 0.005034613 | E8: Min | F8: =MIN(B:B) -> -0.056613484 | G8: =MIN(C:C) -> -0.20860686
A9: 46013 | B9: =vlookup(A9,combine!A8:E62,4,0) -> -0.012184287 | C9: =vlookup(A9,combine!A8:E62,5,0) -> 0.0095298602 | E9: range | F9: =F7-F8 -> 0.1843522 | G9: =G7-G8 -> 0.31451675
A10: 46006 | B10: =vlookup(A10,combine!A9:E63,4,0) -> 0.010776139 | C10: =vlookup(A10,combine!A9:E63,5,0) -> -0.01686446
A11: 45999 | B11: =vlookup(A11,combine!A10:E64,4,0) -> -0.011037808 | C11: =vlookup(A11,combine!A10:E64,5,0) -> -0.016584767 | E11: Q3 | F11: =_xlfn.PERCENTILE.INC(B:B,0.75) -> 0.010776139 | G11: =_xlfn.PERCENTILE.INC(C:C,0.75) -> 0.031685678
A12: 45992 | B12: =vlookup(A12,combine!A11:E65,4,0) -> -0.012651885 | C12: =vlookup(A12,combine!A11:E65,5,0) -> 0.031685678 | E12: Q1 | F12: =_xlfn.PERCENTILE.INC(B:B,0.25) -> -0.012651885 | G12: =_xlfn.PERCENTILE.INC(C:C,0.25) -> -0.016618497
A13: 45985 | B13: =vlookup(A13,combine!A12:E66,4,0) -> -0.011637984 | C13: =vlookup(A13,combine!A12:E66,5,0) -> 0.038157895
A14: 45978 | B14: =vlookup(A14,combine!A13:E67,4,0) -> 0.0057278048 | C14: =vlookup(A14,combine!A13:E67,5,0) -> -0.037365421 | E14: IQR | F14: =F11-F12 -> 0.023428024 | G14: =G11-G12 -> 0.048304175
A15: 45971 | B15: =vlookup(A15,combine!A14:E68,4,0) -> 0.015040445 | C15: =vlookup(A15,combine!A14:E68,5,0) -> 0.047082228 | E15: fence | F15: =F14*1.5 -> 0.035142036 | G15: =G14*1.5 -> 0.072456263
A16: 45964 | B16: =vlookup(A16,combine!A15:E69,4,0) -> 0.029136316 | C16: =vlookup(A16,combine!A15:E69,5,0) -> -0.0033046927 | E16: upper fence | F16: =F11+F15 -> 0.045918174 | G16: =G11+G15 -> 0.10414194
A17: 45957 | B17: =vlookup(A17,combine!A16:E70,4,0) -> -0.040319561 | C17: =vlookup(A17,combine!A16:E70,5,0) -> 0.024373731 | E17: lower fence | F17: =F12-F15 -> -0.047793921 | G17: =G12-G15 -> -0.08907476
A18: 45950 | B18: =vlookup(A18,combine!A17:E71,4,0) -> -0.055640693 | C18: =vlookup(A18,combine!A17:E71,5,0) -> -0.015333333 | E18: Z min | F18: =(F8-F15)/F5 -> -2.6345105 | G18: =(G8-G15)/G5 -> -5.5456582
A19: 45943 | B19: =vlookup(A19,combine!A18:E72,4,0) -> 0.12194154 | C19: =vlookup(A19,combine!A18:E72,5,0) -> 0.025991792 | E19: Z max | F19: =(F7-F2)/F5 -> 3.6279404 | G19: =(G2+G7)/G5 -> 2.2691503
A20: 45936 | B20: =vlookup(A20,combine!A19:E73,4,0) -> 0.019002695 | C20: =vlookup(A20,combine!A19:E73,5,0) -> -0.072335025
A21: 45929 | B21: =vlookup(A21,combine!A20:E74,4,0) -> 0.043013776 | C21: =vlookup(A21,combine!A20:E74,5,0) -> -0.017456359
A22: 45922 | B22: =vlookup(A22,combine!A21:E75,4,0) -> -0.017674676 | C22: =vlookup(A22,combine!A21:E75,5,0) -> 0.011987382
A23: 45915 | B23: =vlookup(A23,combine!A22:E76,4,0) -> -0.0076733352 | C23: =vlookup(A23,combine!A22:E76,5,0) -> 0.017983301
A24: 45908 | B24: =vlookup(A24,combine!A23:E77,4,0) -> -0.032223843 | C24: =vlookup(A24,combine!A23:E77,5,0) -> 0.019646365
A25: 45901 | B25: =vlookup(A25,combine!A24:E78,4,0) -> 0.00026528717 | C25: =vlookup(A25,combine!A24:E78,5,0) -> -0.0013080445
A26: 45894 | B26: =vlookup(A26,combine!A25:E79,4,0) -> 0.00039808917 | C26: =vlookup(A26,combine!A25:E79,5,0) -> -0.019871795
A27: 45887 | B27: =vlookup(A27,combine!A26:E80,4,0) -> 0.041747304 | C27: =vlookup(A27,combine!A26:E80,5,0) -> -0.018867925
A28: 45880 | B28: =vlookup(A28,combine!A27:E81,4,0) -> 0.0033287101 | C28: =vlookup(A28,combine!A27:E81,5,0) -> 0.092032967
A29: 45873 | B29: =vlookup(A29,combine!A28:E82,4,0) -> 0.014064698 | C29: =vlookup(A29,combine!A28:E82,5,0) -> 0.045977011
A30: 45866 | B30: =vlookup(A30,combine!A29:E83,4,0) -> -0.030278232 | C30: =vlookup(A30,combine!A29:E83,5,0) -> -0.051124744
A31: 45859 | B31: =vlookup(A31,combine!A30:E84,4,0) -> -0.056613484 | C31: =vlookup(A31,combine!A30:E84,5,0) -> 0.10383747
... A54: 45698 | B54: =vlookup(A54,combine!A53:E107,4,0) -> 0.12773872 | C54: =vlookup(A54,combine!A53:E107,5,0) -> 0.021138211

Sheet covariance & correlation 
A1: Date | B1: Nestlé S.A. weekly return | C1: Mitsub. weekly return
A2: 46057 | B2: =vlookup(A2,combine!A1:E55,4,0) -> 0 | C2: =vlookup(A2,combine!A1:E55,5,0) -> 0 | E2: Covariance | G2: =_xlfn.COVARIANCE.S(B:B,C:C) -> -5.6779083e-05
A3: 46055 | B3: =vlookup(A3,combine!A2:E56,4,0) -> 0.0634618 | C3: =vlookup(A3,combine!A2:E56,5,0) -> 0.027700831 | E3: Correlation coefficient | G3: =CORREL(B:B,C:C) -> -0.032166614
A4: 46048 | B4: =vlookup(A4,combine!A3:E57,4,0) -> 0.013246861 | C4: =vlookup(A4,combine!A3:E57,5,0) -> 0.00950783
A5: 46041 | B5: =vlookup(A5,combine!A4:E58,4,0) -> -0.036815524 | C5: =vlookup(A5,combine!A4:E58,5,0) -> -0.053968254
A6: 46034 | B6: =vlookup(A6,combine!A5:E59,4,0) -> -0.0022543429 | C6: =vlookup(A6,combine!A5:E59,5,0) -> 0.10590989
A7: 46027 | B7: =vlookup(A7,combine!A6:E60,4,0) -> -0.042291085 | C7: =vlookup(A7,combine!A6:E60,5,0) -> 0.070131497
A8: 46020 | B8: =vlookup(A8,combine!A7:E61,4,0) -> 0.01169215 | C8: =vlookup(A8,combine!A7:E61,5,0) -> 0.005034613
A9: 46013 | B9: =vlookup(A9,combine!A8:E62,4,0) -> -0.012184287 | C9: =vlookup(A9,combine!A8:E62,5,0) -> 0.0095298602
A10: 46006 | B10: =vlookup(A10,combine!A9:E63,4,0) -> 0.010776139 | C10: =vlookup(A10,combine!A9:E63,5,0) -> -0.01686446
A11: 45999 | B11: =vlookup(A11,combine!A10:E64,4,0) -> -0.011037808 | C11: =vlookup(A11,combine!A10:E64,5,0) -> -0.016584767
A12: 45992 | B12: =vlookup(A12,combine!A11:E65,4,0) -> -0.012651885 | C12: =vlookup(A12,combine!A11:E65,5,0) -> 0.031685678
A13: 45985 | B13: =vlookup(A13,combine!A12:E66,4,0) -> -0.011637984 | C13: =vlookup(A13,combine!A12:E66,5,0) -> 0.038157895
A14: 45978 | B14: =vlookup(A14,combine!A13:E67,4,0) -> 0.0057278048 | C14: =vlookup(A14,combine!A13:E67,5,0) -> -0.037365421
A15: 45971 | B15: =vlookup(A15,combine!A14:E68,4,0) -> 0.015040445 | C15: =vlookup(A15,combine!A14:E68,5,0) -> 0.047082228
... A54: 45698 | B54: =vlookup(A54,combine!A53:E107,4,0) -> 0.12773872 | C54: =vlookup(A54,combine!A53:E107,5,0) -> 0.021138211

Sheet sharpe ratio
A1: Date | B1: Nestlé S.A. weekly return | C1: Mitsub. weekly return | F1: Nestle S.A | G1: Mitsub.
A2: 46057 | B2: =vlookup(A2,combine!A1:E55,4,0) -> 0 | C2: =vlookup(A2,combine!A1:E55,5,0) -> 0 | E2: Mean | F2: =VLOOKUP(E2,dataset_descriptions!E1:G6,2,0) -> 0.0013837255 | G2: =vlookup(E2,dataset_descriptions!E1:G6,3,0) -> 0.0090943991
A3: 46055 | B3: =vlookup(A3,combine!A2:E56,4,0) -> 0.0634618 | C3: =vlookup(A3,combine!A2:E56,5,0) -> 0.027700831 | E3: Mean ab. deviation | F3: =VLOOKUP(E3,dataset_descriptions!E2:G7,2,0) -> 0.022730341 | G3: =vlookup(E3,dataset_descriptions!E2:G7,3,0) -> 0.035441352
A4: 46048 | B4: =vlookup(A4,combine!A3:E57,4,0) -> 0.013246861 | C4: =vlookup(A4,combine!A3:E57,5,0) -> 0.00950783 | E4: Sample variance | F4: =VLOOKUP(E4,dataset_descriptions!E3:G8,2,0) -> 0.0012130104 | G4: =vlookup(E4,dataset_descriptions!E3:G8,3,0) -> 0.0025686299
A5: 46041 | B5: =vlookup(A5,combine!A4:E58,4,0) -> -0.036815524 | C5: =vlookup(A5,combine!A4:E58,5,0) -> -0.053968254 | E5: Sample s.d | F5: =VLOOKUP(E5,dataset_descriptions!E4:G9,2,0) -> 0.034828299 | G5: =vlookup(E5,dataset_descriptions!E4:G9,3,0) -> 0.050681652
A6: 46034 | B6: =vlookup(A6,combine!A5:E59,4,0) -> -0.0022543429 | C6: =vlookup(A6,combine!A5:E59,5,0) -> 0.10590989 | E6: CV | F6: =VLOOKUP(E6,dataset_descriptions!E5:G10,2,0) -> 25.169949 | G6: =vlookup(E6,dataset_descriptions!E5:G10,3,0) -> 5.5728423
A7: 46027 | B7: =vlookup(A7,combine!A6:E60,4,0) -> -0.042291085 | C7: =vlookup(A7,combine!A6:E60,5,0) -> 0.070131497 | E7: Sharpe ratio | F7: =(F2-F10)/F5 -> 0.017864409 | G7: =(G2-F10)/G5 -> 0.16441573
A8: 46020 | B8: =vlookup(A8,combine!A7:E61,4,0) -> 0.01169215 | C8: =vlookup(A8,combine!A7:E61,5,0) -> 0.005034613
A9: 46013 | B9: =vlookup(A9,combine!A8:E62,4,0) -> -0.012184287 | C9: =vlookup(A9,combine!A8:E62,5,0) -> 0.0095298602 | E9: One year T.bill | F9: 0.0396
A10: 46006 | B10: =vlookup(A10,combine!A9:E63,4,0) -> 0.010776139 | C10: =vlookup(A10,combine!A9:E63,5,0) -> -0.01686446 | E10: One week T.bill | F10: =F9/52 -> 0.00076153846
A11: 45999 | B11: =vlookup(A11,combine!A10:E64,4,0) -> -0.011037808 | C11: =vlookup(A11,combine!A10:E64,5,0) -> -0.016584767
A12: 45992 | B12: =vlookup(A12,combine!A11:E65,4,0) -> -0.012651885 | C12: =vlookup(A12,combine!A11:E65,5,0) -> 0.031685678
A13: 45985 | B13: =vlookup(A13,combine!A12:E66,4,0) -> -0.011637984 | C13: =vlookup(A13,combine!A12:E66,5,0) -> 0.038157895 | E13: Mitsubishi has more reward for per unit of risk according to sharpe ratio
A14: 45978 | B14: =vlookup(A14,combine!A13:E67,4,0) -> 0.0057278048 | C14: =vlookup(A14,combine!A13:E67,5,0) -> -0.037365421
A15: 45971 | B15: =vlookup(A15,combine!A14:E68,4,0) -> 0.015040445 | C15: =vlookup(A15,combine!A14:E68,5,0) -> 0.047082228
A16: 45964 | B16: =vlookup(A16,combine!A15:E69,4,0) -> 0.029136316 | C16: =vlookup(A16,combine!A15:E69,5,0) -> -0.0033046927
A17: 45957 | B17: =vlookup(A17,combine!A16:E70,4,0) -> -0.040319561 | C17: =vlookup(A17,combine!A16:E70,5,0) -> 0.024373731
A18: 45950 | B18: =vlookup(A18,combine!A17:E71,4,0) -> -0.055640693 | C18: =vlookup(A18,combine!A17:E71,5,0) -> -0.015333333
A19: 45943 | B19: =vlookup(A19,combine!A18:E72,4,0) -> 0.12194154 | C19: =vlookup(A19,combine!A18:E72,5,0) -> 0.025991792
A20: 45936 | B20: =vlookup(A20,combine!A19:E73,4,0) -> 0.019002695 | C20: =vlookup(A20,combine!A19:E73,5,0) -> -0.072335025
A21: 45929 | B21: =vlookup(A21,combine!A20:E74,4,0) -> 0.043013776 | C21: =vlookup(A21,combine!A20:E74,5,0) -> -0.017456359
A22: 45922 | B22: =vlookup(A22,combine!A21:E75,4,0) -> -0.017674676 | C22: =vlookup(A22,combine!A21:E75,5,0) -> 0.011987382
A23: 45915 | B23: =vlookup(A23,combine!A22:E76,4,0) -> -0.0076733352 | C23: =vlookup(A23,combine!A22:E76,5,0) -> 0.017983301
A24: 45908 | B24: =vlookup(A24,combine!A23:E77,4,0) -> -0.032223843 | C24: =vlookup(A24,combine!A23:E77,5,0) -> 0.019646365
A25: 45901 | B25: =vlookup(A25,combine!A24:E78,4,0) -> 0.00026528717 | C25: =vlookup(A25,combine!A24:E78,5,0) -> -0.0013080445
... A54: 45698 | B54: =vlookup(A54,combine!A53:E107,4,0) -> 0.12773872 | C54: =vlookup(A54,combine!A53:E107,5,0) -> 0.021138211

Sheet Risk_comparison
A1: Date | B1: Nestlé S.A. weekly return | C1: Mitsub. weekly return | F1: Comparison of risk (Variance)
A2: 46057 | B2: =vlookup(A2,combine!A1:E55,4,0) -> 0 | C2: =vlookup(A2,combine!A1:E55,5,0) -> 0 | F2: To determine whether Mitsubishi has higher volatility (risk) than Nestlé based on weekly returns based on variance
A3: 46055 | B3: =vlookup(A3,combine!A2:E56,4,0) -> 0.0634618 | C3: =vlookup(A3,combine!A2:E56,5,0) -> 0.027700831
A4: 46048 | B4: =vlookup(A4,combine!A3:E57,4,0) -> 0.013246861 | C4: =vlookup(A4,combine!A3:E57,5,0) -> 0.00950783 | F4: H0: | G4: σ^2(M)​=σ^2(N)​
A5: 46041 | B5: =vlookup(A5,combine!A4:E58,4,0) -> -0.036815524 | C5: =vlookup(A5,combine!A4:E58,5,0) -> -0.053968254 | F5: HA: | G5: σ^2(M) >​σ^2(N)​ | J5: Nestlé S.A. weekly return | K5: Mitsub. weekly return
A6: 46034 | B6: =vlookup(A6,combine!A5:E59,4,0) -> -0.0022543429 | C6: =vlookup(A6,combine!A5:E59,5,0) -> 0.10590989 | I6: Variance, S | J6: =_xlfn.VAR.S(B:B) -> 0.0012130104 | K6: =_xlfn.VAR.S(C:C) -> 0.0025686299
A7: 46027 | B7: =vlookup(A7,combine!A6:E60,4,0) -> -0.042291085 | C7: =vlookup(A7,combine!A6:E60,5,0) -> 0.070131497 | F7: n | G7: 53
A8: 46020 | B8: =vlookup(A8,combine!A7:E61,4,0) -> 0.01169215 | C8: =vlookup(A8,combine!A7:E61,5,0) -> 0.005034613 | F8: df1 | G8: 52
A9: 46013 | B9: =vlookup(A9,combine!A8:E62,4,0) -> -0.012184287 | C9: =vlookup(A9,combine!A8:E62,5,0) -> 0.0095298602 | F9: df2 | G9: 52
A10: 46006 | B10: =vlookup(A10,combine!A9:E63,4,0) -> 0.010776139 | C10: =vlookup(A10,combine!A9:E63,5,0) -> -0.01686446 | F10: F(df1, df2) | G10: S(M)/S(N)
A11: 45999 | B11: =vlookup(A11,combine!A10:E64,4,0) -> -0.011037808 | C11: =vlookup(A11,combine!A10:E64,5,0) -> -0.016584767 | F11: F(52, 52) | G11: =K6/J6 -> 2.1175663
A12: 45992 | B12: =vlookup(A12,combine!A11:E65,4,0) -> -0.012651885 | C12: =vlookup(A12,combine!A11:E65,5,0) -> 0.031685678 | F12: P | G12: =_xlfn.F.DIST.RT(G11,52,52) -> 0.0038874323 | H12: --> | I12: Reject H0 at 5% significane level
A13: 45985 | B13: =vlookup(A13,combine!A12:E66,4,0) -> -0.011637984 | C13: =vlookup(A13,combine!A12:E66,5,0) -> 0.038157895 | I13: Therefore, Mitsubishi is statistically more volatile than Nestle
A14: 45978 | B14: =vlookup(A14,combine!A13:E67,4,0) -> 0.0057278048 | C14: =vlookup(A14,combine!A13:E67,5,0) -> -0.037365421
A15: 45971 | B15: =vlookup(A15,combine!A14:E68,4,0) -> 0.015040445 | C15: =vlookup(A15,combine!A14:E68,5,0) -> 0.047082228
A16: 45964 | B16: =vlookup(A16,combine!A15:E69,4,0) -> 0.029136316 | C16: =vlookup(A16,combine!A15:E69,5,0) -> -0.0033046927
A17: 45957 | B17: =vlookup(A17,combine!A16:E70,4,0) -> -0.040319561 | C17: =vlookup(A17,combine!A16:E70,5,0) -> 0.024373731
A18: 45950 | B18: =vlookup(A18,combine!A17:E71,4,0) -> -0.055640693 | C18: =vlookup(A18,combine!A17:E71,5,0) -> -0.015333333
A19: 45943 | B19: =vlookup(A19,combine!A18:E72,4,0) -> 0.12194154 | C19: =vlookup(A19,combine!A18:E72,5,0) -> 0.025991792
A20: 45936 | B20: =vlookup(A20,combine!A19:E73,4,0) -> 0.019002695 | C20: =vlookup(A20,combine!A19:E73,5,0) -> -0.072335025
A21: 45929 | B21: =vlookup(A21,combine!A20:E74,4,0) -> 0.043013776 | C21: =vlookup(A21,combine!A20:E74,5,0) -> -0.017456359
A22: 45922 | B22: =vlookup(A22,combine!A21:E75,4,0) -> -0.017674676 | C22: =vlookup(A22,combine!A21:E75,5,0) -> 0.011987382
A23: 45915 | B23: =vlookup(A23,combine!A22:E76,4,0) -> -0.0076733352 | C23: =vlookup(A23,combine!A22:E76,5,0) -> 0.017983301
A24: 45908 | B24: =vlookup(A24,combine!A23:E77,4,0) -> -0.032223843 | C24: =vlookup(A24,combine!A23:E77,5,0) -> 0.019646365
A25: 45901 | B25: =vlookup(A25,combine!A24:E78,4,0) -> 0.00026528717 | C25: =vlookup(A25,combine!A24:E78,5,0) -> -0.0013080445
... A54: 45698 | B54: =vlookup(A54,combine!A53:E107,4,0) -> 0.12773872 | C54: =vlookup(A54,combine!A53:E107,5,0) -> 0.021138211

Sheet S&P 500
A1: Date | B1: Open | C1: High | D1: Low | E1: Close | F1: Adj Close | G1: Volume | H1: return
A2: 46055 | B2: 6916.64 | C2: 6993.08 | D2: 6780.13 | E2: 6932.3 | F2: 6932.3 | G2: 33538260000 | H2: {=E2/E3-1} -> -0.00096987619
A3: 46048 | B3: 6923.23 | C3: 7002.28 | D3: 6870.8 | E3: 6939.03 | F3: 6939.03 | G3: 29382560000 | H3: {=E3/E4-1} -> 0.0033865415
A4: 46041 | B4: 6865.24 | C4: 6934.75 | D4: 6789.05 | E4: 6915.61 | F4: 6915.61 | G4: 21784530000 | H4: {=E4/E5-1} -> -0.0035158451
A5: 46034 | B5: 6944.12 | C5: 6986.33 | D5: 6885.74 | E5: 6940.01 | F5: 6940.01 | G5: 26112200000 | H5: {=E5/E6-1} -> -0.0037710227
A6: 46027 | B6: 6892.19 | C6: 6978.36 | D6: 6891.56 | E6: 6966.28 | F6: 6966.28 | G6: 26993190000 | H6: {=E6/E7-1} -> 0.015719249
A7: 46020 | B7: 6903.6 | C7: 6920.21 | D7: 6824.31 | E7: 6858.47 | F7: 6858.47 | G7: 14297630000 | H7: {=E7/E8-1} -> -0.010313221
A8: 46013 | B8: 6865.21 | C8: 6945.77 | D8: 6855.74 | E8: 6929.94 | F8: 6929.94 | G8: 12670410000 | H8: {=E8/E9-1} -> 0.013964445
A9: 46006 | B9: 6860.19 | C9: 6861.59 | D9: 6720.43 | E9: 6834.5 | F9: 6834.5 | G9: 28736560000 | H9: {=E9/E10-1} -> 0.0010384611
A10: 45999 | B10: 6875.2 | C10: 6903.46 | D10: 6801.79 | E10: 6827.41 | F10: 6827.41 | G10: 24722970000 | H10: {=E10/E11-1} -> -0.0062572776
A11: 45992 | B11: 6812.3 | C11: 6895.78 | D11: 6799.94 | E11: 6870.4 | F11: 6870.4 | G11: 23685440000 | H11: {=E11/E12-1} -> 0.0031113622
A12: 45985 | B12: 6636.54 | C12: 6850.86 | D12: 6630.7 | E12: 6849.09 | F12: 6849.09 | G12: 18086610000 | H12: {=E12/E13-1} -> 0.037270994
A13: 45978 | B13: 6713.61 | C13: 6770.35 | D13: 6521.92 | E13: 6602.99 | F13: 6602.99 | G13: 26911230000 | H13: {=E13/E14-1} -> -0.019471021
... A53: 45698 | B53: 6046.4 | C53: 6127.47 | D53: 6003 | E53: 6114.63 | F53: 6114.63 | G53: 22510590000 | H53: {=E53/E54-1} -> 0.014709616
A54: 45691 | B54: 5969.65 | C54: 6101.28 | D54: 5923.93 | E54: 6025.99 | F54: 6025.99 | G54: 23577640000

Sheet CAPM Regression Data (weekly ex
A1: Date | B1: Nestlé S.A. weekly return | C1: Mitsub. weekly return | D1: S&P 500 weekly return | E1: Excess Nestle(R-Rf) | F1: Excess Mitsub.(R-Rf) | G1: Excess S&P 500
A2: 46055 | B2: =VLOOKUP(A2,dataset_descriptions!A:C,2,0) -> 0.0634618 | C2: =VLOOKUP(A2,dataset_descriptions!A:C,3,0) -> 0.027700831 | D2: =VLOOKUP(A2,'S&P 500'!A:H,8,0) -> -0.00096987619 | E2: =B2-'sharpe ratio'!F$10 -> 0.062700262 | F2: =C2-'sharpe ratio'!F$10 -> 0.026939293 | G2: =D2-'sharpe ratio'!F$10 -> -0.0017314147
A3: 46048 | B3: =VLOOKUP(A3,dataset_descriptions!A:C,2,0) -> 0.013246861 | C3: =VLOOKUP(A3,dataset_descriptions!A:C,3,0) -> 0.00950783 | D3: =VLOOKUP(A3,'S&P 500'!A:H,8,0) -> 0.0033865415 | E3: =B3-'sharpe ratio'!$F$10 -> 0.012485322 | F3: =C3-'sharpe ratio'!F$10 -> 0.0087462915 | G3: =D3-'sharpe ratio'!F$10 -> 0.002625003
A4: 46041 | B4: =VLOOKUP(A4,dataset_descriptions!A:C,2,0) -> -0.036815524 | C4: =VLOOKUP(A4,dataset_descriptions!A:C,3,0) -> -0.053968254 | D4: =VLOOKUP(A4,'S&P 500'!A:H,8,0) -> -0.0035158451 | E4: =B4-'sharpe ratio'!$F$10 -> -0.037577062 | F4: =C4-'sharpe ratio'!F$10 -> -0.054729792 | G4: =D4-'sharpe ratio'!F$10 -> -0.0042773835
A5: 46034 | B5: =VLOOKUP(A5,dataset_descriptions!A:C,2,0) -> -0.0022543429 | C5: =VLOOKUP(A5,dataset_descriptions!A:C,3,0) -> 0.10590989 | D5: =VLOOKUP(A5,'S&P 500'!A:H,8,0) -> -0.0037710227 | E5: =B5-'sharpe ratio'!$F$10 -> -0.0030158814 | F5: =C5-'sharpe ratio'!F$10 -> 0.10514835 | G5: =D5-'sharpe ratio'!F$10 -> -0.0045325612
A6: 46027 | B6: =VLOOKUP(A6,dataset_descriptions!A:C,2,0) -> -0.042291085 | C6: =VLOOKUP(A6,dataset_descriptions!A:C,3,0) -> 0.070131497 | D6: =VLOOKUP(A6,'S&P 500'!A:H,8,0) -> 0.015719249 | E6: =B6-'sharpe ratio'!$F$10 -> -0.043052623 | F6: =C6-'sharpe ratio'!F$10 -> 0.069369958 | G6: =D6-'sharpe ratio'!F$10 -> 0.014957711
A7: 46020 | B7: =VLOOKUP(A7,dataset_descriptions!A:C,2,0) -> 0.01169215 | C7: =VLOOKUP(A7,dataset_descriptions!A:C,3,0) -> 0.005034613 | D7: =VLOOKUP(A7,'S&P 500'!A:H,8,0) -> -0.010313221 | E7: =B7-'sharpe ratio'!$F$10 -> 0.010930611 | F7: =C7-'sharpe ratio'!F$10 -> 0.0042730745 | G7: =D7-'sharpe ratio'!F$10 -> -0.011074759
A8: 46013 | B8: =VLOOKUP(A8,dataset_descriptions!A:C,2,0) -> -0.012184287 | C8: =VLOOKUP(A8,dataset_descriptions!A:C,3,0) -> 0.0095298602 | D8: =VLOOKUP(A8,'S&P 500'!A:H,8,0) -> 0.013964445 | E8: =B8-'sharpe ratio'!$F$10 -> -0.012945826 | F8: =C8-'sharpe ratio'!F$10 -> 0.0087683218 | G8: =D8-'sharpe ratio'!F$10 -> 0.013202907
A9: 46006 | B9: =VLOOKUP(A9,dataset_descriptions!A:C,2,0) -> 0.010776139 | C9: =VLOOKUP(A9,dataset_descriptions!A:C,3,0) -> -0.01686446 | D9: =VLOOKUP(A9,'S&P 500'!A:H,8,0) -> 0.0010384611 | E9: =B9-'sharpe ratio'!$F$10 -> 0.0100146 | F9: =C9-'sharpe ratio'!F$10 -> -0.017625998 | G9: =D9-'sharpe ratio'!F$10 -> 0.00027692268
A10: 45999 | B10: =VLOOKUP(A10,dataset_descriptions!A:C,2,0) -> -0.011037808 | C10: =VLOOKUP(A10,dataset_descriptions!A:C,3,0) -> -0.016584767 | D10: =VLOOKUP(A10,'S&P 500'!A:H,8,0) -> -0.0062572776 | E10: =B10-'sharpe ratio'!$F$10 -> -0.011799346 | F10: =C10-'sharpe ratio'!F$10 -> -0.017346305 | G10: =D10-'sharpe ratio'!F$10 -> -0.0070188161
A11: 45992 | B11: =VLOOKUP(A11,dataset_descriptions!A:C,2,0) -> -0.012651885 | C11: =VLOOKUP(A11,dataset_descriptions!A:C,3,0) -> 0.031685678 | D11: =VLOOKUP(A11,'S&P 500'!A:H,8,0) -> 0.0031113622 | E11: =B11-'sharpe ratio'!$F$10 -> -0.013413424 | F11: =C11-'sharpe ratio'!F$10 -> 0.03092414 | G11: =D11-'sharpe ratio'!F$10 -> 0.0023498238
A12: 45985 | B12: =VLOOKUP(A12,dataset_descriptions!A:C,2,0) -> -0.011637984 | C12: =VLOOKUP(A12,dataset_descriptions!A:C,3,0) -> 0.038157895 | D12: =VLOOKUP(A12,'S&P 500'!A:H,8,0) -> 0.037270994 | E12: =B12-'sharpe ratio'!$F$10 -> -0.012399523 | F12: =C12-'sharpe ratio'!F$10 -> 0.037396356 | G12: =D12-'sharpe ratio'!F$10 -> 0.036509455
A13: 45978 | B13: =VLOOKUP(A13,dataset_descriptions!A:C,2,0) -> 0.0057278048 | C13: =VLOOKUP(A13,dataset_descriptions!A:C,3,0) -> -0.037365421 | D13: =VLOOKUP(A13,'S&P 500'!A:H,8,0) -> -0.019471021 | E13: =B13-'sharpe ratio'!$F$10 -> 0.0049662663 | F13: =C13-'sharpe ratio'!F$10 -> -0.03812696 | G13: =D13-'sharpe ratio'!F$10 -> -0.02023256
A14: 45971 | B14: =VLOOKUP(A14,dataset_descriptions!A:C,2,0) -> 0.015040445 | C14: =VLOOKUP(A14,dataset_descriptions!A:C,3,0) -> 0.047082228 | D14: =VLOOKUP(A14,'S&P 500'!A:H,8,0) -> 0.00078914517 | E14: =B14-'sharpe ratio'!$F$10 -> 0.014278906 | F14: =C14-'sharpe ratio'!F$10 -> 0.04632069 | G14: =D14-'sharpe ratio'!F$10 -> 2.7606705e-05
... A53: 45698 | B53: =VLOOKUP(A53,dataset_descriptions!A:C,2,0) -> 0.12773872 | C53: =VLOOKUP(A53,dataset_descriptions!A:C,3,0) -> 0.021138211 | D53: =VLOOKUP(A53,'S&P 500'!A:H,8,0) -> 0.014709616 | E53: =B53-'sharpe ratio'!$F$10 -> 0.12697718 | F53: =C53-'sharpe ratio'!F$10 -> 0.020376673 | G53: =D53-'sharpe ratio'!F$10 -> 0.013948078

Sheet CAPM Regression Nestle
A1: Date | B1: Excess Nestle(R-Rf) | C1: Excess S&P 500 | F1: ВЫВОД ИТОГОВ
A2: 46055 | B2: =VLOOKUP(A2,'CAPM Regression Data (weekly ex'!A:G,5,0) -> 0.062700262 | C2: =vlookup(A2,'CAPM Regression Data (weekly ex'!A:G,7,0) -> -0.0017314147
A3: 46048 | B3: =VLOOKUP(A3,'CAPM Regression Data (weekly ex'!A:G,5,0) -> 0.012485322 | C3: =vlookup(A3,'CAPM Regression Data (weekly ex'!A:G,7,0) -> 0.002625003 | F3: Регрессионная статистика
A4: 46041 | B4: =VLOOKUP(A4,'CAPM Regression Data (weekly ex'!A:G,5,0) -> -0.037577062 | C4: =vlookup(A4,'CAPM Regression Data (weekly ex'!A:G,7,0) -> -0.0042773835 | F4: Множественный R | G4: 0.0025123832
A5: 46034 | B5: =VLOOKUP(A5,'CAPM Regression Data (weekly ex'!A:G,5,0) -> -0.0030158814 | C5: =vlookup(A5,'CAPM Regression Data (weekly ex'!A:G,7,0) -> -0.0045325612 | F5: R-квадрат | G5: 6.3120695e-06
A6: 46027 | B6: =VLOOKUP(A6,'CAPM Regression Data (weekly ex'!A:G,5,0) -> -0.043052623 | C6: =vlookup(A6,'CAPM Regression Data (weekly ex'!A:G,7,0) -> 0.014957711 | F6: Нормированный R-квадрат | G6: -0.019993562
A7: 46020 | B7: =VLOOKUP(A7,'CAPM Regression Data (weekly ex'!A:G,5,0) -> 0.010930611 | C7: =vlookup(A7,'CAPM Regression Data (weekly ex'!A:G,7,0) -> -0.011074759 | F7: Стандартная ошибка | G7: 0.035524096
A8: 46013 | B8: =VLOOKUP(A8,'CAPM Regression Data (weekly ex'!A:G,5,0) -> -0.012945826 | C8: =vlookup(A8,'CAPM Regression Data (weekly ex'!A:G,7,0) -> 0.013202907 | F8: Наблюдения | G8: 52
A9: 46006 | B9: =VLOOKUP(A9,'CAPM Regression Data (weekly ex'!A:G,5,0) -> 0.0100146 | C9: =vlookup(A9,'CAPM Regression Data (weekly ex'!A:G,7,0) -> 0.00027692268
A10: 45999 | B10: =VLOOKUP(A10,'CAPM Regression Data (weekly ex'!A:G,5,0) -> -0.011799346 | C10: =vlookup(A10,'CAPM Regression Data (weekly ex'!A:G,7,0) -> -0.0070188161 | F10: Дисперсионный анализ
A11: 45992 | B11: =VLOOKUP(A11,'CAPM Regression Data (weekly ex'!A:G,5,0) -> -0.013413424 | C11: =vlookup(A11,'CAPM Regression Data (weekly ex'!A:G,7,0) -> 0.0023498238 | G11: df | H11: SS | I11: MS | J11: F | K11: Значимость F
A12: 45985 | B12: =VLOOKUP(A12,'CAPM Regression Data (weekly ex'!A:G,5,0) -> -0.012399523 | C12: =vlookup(A12,'CAPM Regression Data (weekly ex'!A:G,7,0) -> 0.036509455 | F12: Регрессия | G12: 1 | H12: 3.9828193e-07 | I12: 3.9828193e-07 | J12: 0.00031560547 | K12: 0.9858968
A13: 45978 | B13: =VLOOKUP(A13,'CAPM Regression Data (weekly ex'!A:G,5,0) -> 0.0049662663 | C13: =vlookup(A13,'CAPM Regression Data (weekly ex'!A:G,7,0) -> -0.02023256 | F13: Остаток | G13: 50 | H13: 0.063098072 | I13: 0.0012619614
A14: 45971 | B14: =VLOOKUP(A14,'CAPM Regression Data (weekly ex'!A:G,5,0) -> 0.014278906 | C14: =vlookup(A14,'CAPM Regression Data (weekly ex'!A:G,7,0) -> 2.7606705e-05 | F14: Итого | G14: 51 | H14: 0.06309847
A15: 45964 | B15: =VLOOKUP(A15,'CAPM Regression Data (weekly ex'!A:G,5,0) -> 0.028374778 | C15: =vlookup(A15,'CAPM Regression Data (weekly ex'!A:G,7,0) -> -0.017047612
A16: 45957 | B16: =VLOOKUP(A16,'CAPM Regression Data (weekly ex'!A:G,5,0) -> -0.041081099 | C16: =vlookup(A16,'CAPM Regression Data (weekly ex'!A:G,7,0) -> 0.0063810137 | G16: Коэффициенты | H16: Стандартная ошибка | I16: t-статистика | J16: P-Значение | K16: Нижние 95% | L16: Верхние 95% | M16: Нижние 95.0% | N16: Верхние 95.0%
A17: 45950 | B17: =VLOOKUP(A17,'CAPM Regression Data (weekly ex'!A:G,5,0) -> -0.056402232 | C17: =vlookup(A17,'CAPM Regression Data (weekly ex'!A:G,7,0) -> 0.018398097 | F17: Y-пересечение | G17: 0.00063976696 | H17: 0.0049484636 | I17: 0.12928598 | J17: 0.89765005 | K17: -0.0092995148 | L17: 0.010579049 | M17: -0.0092995148 | N17: 0.010579049
A18: 45943 | B18: =VLOOKUP(A18,'CAPM Regression Data (weekly ex'!A:G,5,0) -> 0.12118 | C18: =vlookup(A18,'CAPM Regression Data (weekly ex'!A:G,7,0) -> 0.016254842 | F18: Переменная X 1 | G18: 0.0037640963 | H18: 0.21187927 | I18: 0.017765288 | J18: 0.9858968 | K18: -0.42180794 | L18: 0.42933614 | M18: -0.42180794 | N18: 0.42933614
A19: 45936 | B19: =VLOOKUP(A19,'CAPM Regression Data (weekly ex'!A:G,5,0) -> 0.018241157 | C19: =vlookup(A19,'CAPM Regression Data (weekly ex'!A:G,7,0) -> -0.025074389
A20: 45929 | B20: =VLOOKUP(A20,'CAPM Regression Data (weekly ex'!A:G,5,0) -> 0.042252237 | C20: =vlookup(A20,'CAPM Regression Data (weekly ex'!A:G,7,0) -> 0.010089343
A21: 45922 | B21: =VLOOKUP(A21,'CAPM Regression Data (weekly ex'!A:G,5,0) -> -0.018436214 | C21: =vlookup(A21,'CAPM Regression Data (weekly ex'!A:G,7,0) -> -0.0038616111
A22: 45915 | B22: =VLOOKUP(A22,'CAPM Regression Data (weekly ex'!A:G,5,0) -> -0.0084348736 | C22: =vlookup(A22,'CAPM Regression Data (weekly ex'!A:G,7,0) -> 0.011399226
A23: 45908 | B23: =VLOOKUP(A23,'CAPM Regression Data (weekly ex'!A:G,5,0) -> -0.032985381 | C23: =vlookup(A23,'CAPM Regression Data (weekly ex'!A:G,7,0) -> 0.015097445
A24: 45901 | B24: =VLOOKUP(A24,'CAPM Regression Data (weekly ex'!A:G,5,0) -> -0.00049625129 | C24: =vlookup(A24,'CAPM Regression Data (weekly ex'!A:G,7,0) -> 0.0025262549
A25: 45894 | B25: =VLOOKUP(A25,'CAPM Regression Data (weekly ex'!A:G,5,0) -> -0.00036344929 | C25: =vlookup(A25,'CAPM Regression Data (weekly ex'!A:G,7,0) -> -0.0017898503
A26: 45887 | B26: =VLOOKUP(A26,'CAPM Regression Data (weekly ex'!A:G,5,0) -> 0.040985766 | C26: =vlookup(A26,'CAPM Regression Data (weekly ex'!A:G,7,0) -> 0.001891257
A27: 45880 | B27: =VLOOKUP(A27,'CAPM Regression Data (weekly ex'!A:G,5,0) -> 0.0025671717 | C27: =vlookup(A27,'CAPM Regression Data (weekly ex'!A:G,7,0) -> 0.008683719
A28: 45873 | B28: =VLOOKUP(A28,'CAPM Regression Data (weekly ex'!A:G,5,0) -> 0.013303159 | C28: =vlookup(A28,'CAPM Regression Data (weekly ex'!A:G,7,0) -> 0.023515434
A29: 45866 | B29: =VLOOKUP(A29,'CAPM Regression Data (weekly ex'!A:G,5,0) -> -0.031039771 | C29: =vlookup(A29,'CAPM Regression Data (weekly ex'!A:G,7,0) -> -0.024339327
A30: 45859 | B30: =VLOOKUP(A30,'CAPM Regression Data (weekly ex'!A:G,5,0) -> -0.057375023 | C30: =vlookup(A30,'CAPM Regression Data (weekly ex'!A:G,7,0) -> 0.013825259
... A53: 45698 | B53: =VLOOKUP(A53,'CAPM Regression Data (weekly ex'!A:G,5,0) -> 0.12697718 | C53: =vlookup(A53,'CAPM Regression Data (weekly ex'!A:G,7,0) -> 0.013948078

Sheet CAPM Regression Mitsub.
A1: Date | B1: Excess Mitsub.(R-Rf) | C1: Excess S&P 500 | F1: ВЫВОД ИТОГОВ
A2: 46055 | B2: =VLOOKUP(A2,'CAPM Regression Data (weekly ex'!A:G,6,0) -> 0.026939293 | C2: =vlookup(A2,'CAPM Regression Data (weekly ex'!A:G,7,0) -> -0.0017314147
A3: 46048 | B3: =VLOOKUP(A3,'CAPM Regression Data (weekly ex'!A:G,6,0) -> 0.0087462915 | C3: =vlookup(A3,'CAPM Regression Data (weekly ex'!A:G,7,0) -> 0.002625003 | F3: Регрессионная статистика
A4: 46041 | B4: =VLOOKUP(A4,'CAPM Regression Data (weekly ex'!A:G,6,0) -> -0.054729792 | C4: =vlookup(A4,'CAPM Regression Data (weekly ex'!A:G,7,0) -> -0.0042773835 | F4: Множественный R | G4: 0.63581578
A5: 46034 | B5: =VLOOKUP(A5,'CAPM Regression Data (weekly ex'!A:G,6,0) -> 0.10514835 | C5: =vlookup(A5,'CAPM Regression Data (weekly ex'!A:G,7,0) -> -0.0045325612 | F5: R-квадрат | G5: 0.40426171
A6: 46027 | B6: =VLOOKUP(A6,'CAPM Regression Data (weekly ex'!A:G,6,0) -> 0.069369958 | C6: =vlookup(A6,'CAPM Regression Data (weekly ex'!A:G,7,0) -> 0.014957711 | F6: Нормированный R-квадрат | G6: 0.39234694
A7: 46020 | B7: =VLOOKUP(A7,'CAPM Regression Data (weekly ex'!A:G,6,0) -> 0.0042730745 | C7: =vlookup(A7,'CAPM Regression Data (weekly ex'!A:G,7,0) -> -0.011074759 | F7: Стандартная ошибка | G7: 0.039880088
A8: 46013 | B8: =VLOOKUP(A8,'CAPM Regression Data (weekly ex'!A:G,6,0) -> 0.0087683218 | C8: =vlookup(A8,'CAPM Regression Data (weekly ex'!A:G,7,0) -> 0.013202907 | F8: Наблюдения | G8: 52
A9: 46006 | B9: =VLOOKUP(A9,'CAPM Regression Data (weekly ex'!A:G,6,0) -> -0.017625998 | C9: =vlookup(A9,'CAPM Regression Data (weekly ex'!A:G,7,0) -> 0.00027692268
A10: 45999 | B10: =VLOOKUP(A10,'CAPM Regression Data (weekly ex'!A:G,6,0) -> -0.017346305 | C10: =vlookup(A10,'CAPM Regression Data (weekly ex'!A:G,7,0) -> -0.0070188161 | F10: Дисперсионный анализ
A11: 45992 | B11: =VLOOKUP(A11,'CAPM Regression Data (weekly ex'!A:G,6,0) -> 0.03092414 | C11: =vlookup(A11,'CAPM Regression Data (weekly ex'!A:G,7,0) -> 0.0023498238 | G11: df | H11: SS | I11: MS | J11: F | K11: Значимость F
A12: 45985 | B12: =VLOOKUP(A12,'CAPM Regression Data (weekly ex'!A:G,6,0) -> 0.037396356 | C12: =vlookup(A12,'CAPM Regression Data (weekly ex'!A:G,7,0) -> 0.036509455 | F12: Регрессия | G12: 1 | H12: 0.053962158 | I12: 0.053962158 | J12: 33.929472 | K12: 4.0904819e-07
A13: 45978 | B13: =VLOOKUP(A13,'CAPM Regression Data (weekly ex'!A:G,6,0) -> -0.03812696 | C13: =vlookup(A13,'CAPM Regression Data (weekly ex'!A:G,7,0) -> -0.02023256 | F13: Остаток | G13: 50 | H13: 0.07952107 | I13: 0.0015904214
A14: 45971 | B14: =VLOOKUP(A14,'CAPM Regression Data (weekly ex'!A:G,6,0) -> 0.04632069 | C14: =vlookup(A14,'CAPM Regression Data (weekly ex'!A:G,7,0) -> 2.7606705e-05 | F14: Итого | G14: 51 | H14: 0.13348323
A15: 45964 | B15: =VLOOKUP(A15,'CAPM Regression Data (weekly ex'!A:G,6,0) -> -0.0040662311 | C15: =vlookup(A15,'CAPM Regression Data (weekly ex'!A:G,7,0) -> -0.017047612
A16: 45957 | B16: =VLOOKUP(A16,'CAPM Regression Data (weekly ex'!A:G,6,0) -> 0.023612192 | C16: =vlookup(A16,'CAPM Regression Data (weekly ex'!A:G,7,0) -> 0.0063810137 | G16: Коэффициенты | H16: Стандартная ошибка | I16: t-статистика | J16: P-Значение | K16: Нижние 95% | L16: Верхние 95% | M16: Нижние 95.0% | N16: Верхние 95.0%
A17: 45950 | B17: =VLOOKUP(A17,'CAPM Regression Data (weekly ex'!A:G,6,0) -> -0.016094872 | C17: =vlookup(A17,'CAPM Regression Data (weekly ex'!A:G,7,0) -> 0.018398097 | F17: Y-пересечение | G17: 0.0054469865 | H17: 0.005555248 | I17: 0.98051186 | J17: 0.33155424 | K17: -0.0057110574 | L17: 0.01660503 | M17: -0.0057110574 | N17: 0.01660503
A18: 45943 | B18: =VLOOKUP(A18,'CAPM Regression Data (weekly ex'!A:G,6,0) -> 0.025230254 | C18: =vlookup(A18,'CAPM Regression Data (weekly ex'!A:G,7,0) -> 0.016254842 | F18: Переменная X 1 | G18: 1.3855113 | H18: 0.23786007 | I18: 5.824901 | J18: 4.0904819e-07 | K18: 0.90775534 | L18: 1.8632673 | M18: 0.90775534 | N18: 1.8632673
A19: 45936 | B19: =VLOOKUP(A19,'CAPM Regression Data (weekly ex'!A:G,6,0) -> -0.073096564 | C19: =vlookup(A19,'CAPM Regression Data (weekly ex'!A:G,7,0) -> -0.025074389
A20: 45929 | B20: =VLOOKUP(A20,'CAPM Regression Data (weekly ex'!A:G,6,0) -> -0.018217898 | C20: =vlookup(A20,'CAPM Regression Data (weekly ex'!A:G,7,0) -> 0.010089343 | M20: Model is statistically significant and 40% of the variation in Mitsubishi's excess returns is explained by market excess returns
A21: 45922 | B21: =VLOOKUP(A21,'CAPM Regression Data (weekly ex'!A:G,6,0) -> 0.011225843 | C21: =vlookup(A21,'CAPM Regression Data (weekly ex'!A:G,7,0) -> -0.0038616111
A22: 45915 | B22: =VLOOKUP(A22,'CAPM Regression Data (weekly ex'!A:G,6,0) -> 0.017221763 | C22: =vlookup(A22,'CAPM Regression Data (weekly ex'!A:G,7,0) -> 0.011399226
A23: 45908 | B23: =VLOOKUP(A23,'CAPM Regression Data (weekly ex'!A:G,6,0) -> 0.018884827 | C23: =vlookup(A23,'CAPM Regression Data (weekly ex'!A:G,7,0) -> 0.015097445
A24: 45901 | B24: =VLOOKUP(A24,'CAPM Regression Data (weekly ex'!A:G,6,0) -> -0.0020695829 | C24: =vlookup(A24,'CAPM Regression Data (weekly ex'!A:G,7,0) -> 0.0025262549
A25: 45894 | B25: =VLOOKUP(A25,'CAPM Regression Data (weekly ex'!A:G,6,0) -> -0.020633333 | C25: =vlookup(A25,'CAPM Regression Data (weekly ex'!A:G,7,0) -> -0.0017898503
A26: 45887 | B26: =VLOOKUP(A26,'CAPM Regression Data (weekly ex'!A:G,6,0) -> -0.019629463 | C26: =vlookup(A26,'CAPM Regression Data (weekly ex'!A:G,7,0) -> 0.001891257
A27: 45880 | B27: =VLOOKUP(A27,'CAPM Regression Data (weekly ex'!A:G,6,0) -> 0.091271429 | C27: =vlookup(A27,'CAPM Regression Data (weekly ex'!A:G,7,0) -> 0.008683719
A28: 45873 | B28: =VLOOKUP(A28,'CAPM Regression Data (weekly ex'!A:G,6,0) -> 0.045215473 | C28: =vlookup(A28,'CAPM Regression Data (weekly ex'!A:G,7,0) -> 0.023515434
A29: 45866 | B29: =VLOOKUP(A29,'CAPM Regression Data (weekly ex'!A:G,6,0) -> -0.051886283 | C29: =vlookup(A29,'CAPM Regression Data (weekly ex'!A:G,7,0) -> -0.024339327
A30: 45859 | B30: =VLOOKUP(A30,'CAPM Regression Data (weekly ex'!A:G,6,0) -> 0.10307593 | C30: =vlookup(A30,'CAPM Regression Data (weekly ex'!A:G,7,0) -> 0.013825259
A31: 45852 | B31: =VLOOKUP(A31,'CAPM Regression Data (weekly ex'!A:G,6,0) -> -0.029979946 | C31: =vlookup(A31,'CAPM Regression Data (weekly ex'!A:G,7,0) -> 0.0051556308
A32: 45845 | B32: =VLOOKUP(A32,'CAPM Regression Data (weekly ex'!A:G,6,0) -> -0.020102513 | C32: =vlookup(A32,'CAPM Regression Data (weekly ex'!A:G,7,0) -> -0.0038828806
... A53: 45698 | B53: =VLOOKUP(A53,'CAPM Regression Data (weekly ex'!A:G,6,0) -> 0.020376673 | C53: =vlookup(A53,'CAPM Regression Data (weekly ex'!A:G,7,0) -> 0.013948078
